forename,surname,address
Michael,Middleton,57 Charlene passage East Richardborough N53 0UR
Vincent,Middleton,57 Charlene passage East Richardborough N53 0UR
Jessica,Middleton,57 Charlene passage East Richardborough N53 0UR
Patrick,Middleton,91 Lynda square Turnerburgh M0W 5EQ
Harriet,Middleton,91 Lynda square Turnerburgh M0W 5EQ
Natasha,Middleton,91 Lynda square Turnerburgh M0W 5EQ
Michael,Middleton,4 Evans tunnel Yvonneshire W5 9QY
Vincent,Middleton,4 Evans tunnel Yvonneshire W5 9QY
Natasha,Middleton,4 Evans tunnel Yvonneshire W5 9QY
Michael,Middleton,2 Bradley forest Jakebury IV2Y 1YU
Harriet,Middleton,2 Bradley forest Jakebury IV2Y 1YU
Natasha,Middleton,2 Bradley forest Jakebury IV2Y 1YU
Sarah,Harrison,6 Hughes vista East Dennisville EN00 6QU
Lewis,Harrison,6 Hughes vista East Dennisville EN00 6QU
Derek,Harrison,6 Hughes vista East Dennisville EN00 6QU
Katie,Harrison,1 Franklin light South Chelsea M10 8FW
Aimee,Harrison,1 Franklin light South Chelsea M10 8FW
Hazel,Harrison,1 Franklin light South Chelsea M10 8FW
